id,name,gender
1,Nathanil,Male
2,Mike,Male
3,Shurlocke,Male
4,Karina,Non-binary
5,Pierette,Genderqueer
6,Melisent,Female
7,Cy,Male
8,Lorens,Male
9,Leigh,Male
10,Leona,Female
11,Tawnya,Female
12,Leland,Male
13,Imojean,Female
14,Sherman,Male
15,Zena,Female
16,Lance,Genderfluid
17,Brent,Male
18,Raleigh,Male
19,Deloris,Female
20,Franciskus,Male
21,Cinderella,Female
22,Marchall,Male
23,Hanson,Male
24,Ogdan,Male
25,Elvyn,Male
26,Frankie,Female
27,Crosby,Male
28,Harland,Male
29,Cherry,Female
30,Chickie,Male
31,Dannie,Male
32,Ellen,Female
33,Bartholomeo,Male
34,Erika,Female
35,Silvan,Male
36,Catherina,Female
37,Farleigh,Male
38,Auberta,Female
39,Jillana,Female
40,Hamel,Male
41,Gertie,Female
42,Meredeth,Male
43,Mordecai,Male
44,Wendell,Bigender
45,Everett,Male
46,Kearney,Male
47,Sella,Female
48,Forest,Male
49,Dionis,Female
50,Mattheus,Male
51,Weidar,Male
52,Oby,Male
53,Cory,Male
54,Nichols,Male
55,Abramo,Male
56,Conney,Male
57,Annis,Female
58,Aloysius,Male
59,Skelly,Male
60,Rutledge,Male
61,Hugh,Male
62,Marcos,Male
63,Scott,Male
64,Jerry,Genderqueer
65,Gary,Male
66,Randolph,Polygender
67,Noelle,Female
68,Delcina,Female
69,Selig,Male
70,Korie,Female
71,Trey,Male
72,Christen,Female
73,Knox,Male
74,Inger,Male
75,Kimberley,Female
76,Freddie,Male
77,Francesca,Female
78,Benjamin,Male
79,Kaspar,Male
80,Saxon,Male
81,Nicky,Male
82,Roshelle,Polygender
83,Isak,Male
84,Sylvia,Female
85,Chaunce,Male
86,Hedvig,Female
87,Sidonia,Genderqueer
88,Perl,Female
89,Jakob,Male
90,Giles,Male
91,Lion,Male
92,Cindi,Female
93,Gaston,Agender
94,Lek,Male
95,Alphard,Male
96,Oby,Male
97,Nedda,Female
98,Melanie,Female
99,Emelyne,Agender
100,Bo,Male
101,Constantina,Female
102,Emili,Female
103,Zebadiah,Male
104,Brook,Female
105,Shannan,Male
106,Les,Male
107,Bria,Female
108,Daryn,Female
109,Ynez,Female
110,Hoyt,Male
111,Correy,Male
112,Malcolm,Male
113,Jedediah,Male
114,Jammal,Male
115,Gabi,Female
116,Valma,Female
117,Cassaundra,Female
118,Donalt,Male
119,Rudiger,Male
120,Rosco,Male
121,Brand,Male
122,Margit,Female
123,Gratiana,Female
124,Kate,Female
125,Wenonah,Female
126,Allegra,Female
127,Ollie,Male
128,Editha,Female
129,Olly,Male
130,Tuckie,Male
131,Augie,Male
132,Haskel,Genderfluid
133,Ardelis,Genderqueer
134,Saidee,Female
135,Anders,Bigender
136,Minnaminnie,Polygender
137,Cody,Male
138,Dougie,Male
139,Yule,Male
140,Donnamarie,Female
141,Tallulah,Female
142,Michel,Female
143,Gery,Male
144,Gianna,Female
145,Morgan,Male
146,Lacee,Genderfluid
147,Roselia,Female
148,Bay,Male
149,Brittaney,Agender
150,Cherrita,Female
151,Wanids,Female
152,Giraud,Male
153,Christye,Female
154,Tadio,Male
155,Trevor,Male
156,Violante,Female
157,Gill,Genderqueer
158,Ashly,Non-binary
159,Bren,Male
160,Logan,Male
161,Clement,Male
162,Homere,Male
163,Arv,Male
164,Jessa,Female
165,Dory,Male
166,Wye,Male
167,Gifford,Male
168,Maddalena,Female
169,Conan,Male
170,Ora,Female
171,Drucy,Female
172,Marketa,Female
173,Saundra,Bigender
174,Jamil,Male
175,Devinne,Bigender
176,Marco,Male
177,Susanetta,Female
178,Burlie,Male
179,Lilllie,Female
180,Raphael,Male
181,Philly,Bigender
182,Sinclair,Male
183,Malissia,Female
184,Karlan,Male
185,Nina,Female
186,Nikki,Male
187,Maddy,Agender
188,Garry,Male
189,Laurel,Female
190,Keen,Male
191,Adelheid,Female
192,Sloan,Male
193,Janina,Female
194,Suki,Female
195,Ayn,Female
196,Hamid,Male
197,Gino,Male
198,Emeline,Non-binary
199,Tybi,Female
200,Demeter,Female
201,Weidar,Male
202,Jackie,Male
203,Rees,Genderfluid
204,Maurita,Female
205,Augustine,Female
206,Jeromy,Male
207,Trenna,Female
208,Sutherlan,Male
209,Inigo,Male
210,Rossie,Male
211,Lacee,Female
212,Koral,Female
213,Cyndy,Female
214,Klaus,Male
215,Denni,Female
216,Hy,Genderfluid
217,Cristin,Female
218,Dicky,Male
219,Margo,Female
220,Gerladina,Female
221,Reinhard,Male
222,Lorrin,Female
223,Kalil,Male
224,Lamond,Male
225,Lek,Male
226,Kirk,Male
227,Wainwright,Male
228,Hussein,Male
229,Charlotte,Female
230,Filberto,Male
231,Arman,Male
232,Xylina,Female
233,Seka,Female
234,Karlens,Male
235,Agnella,Female
236,Aubree,Female
237,Arley,Male
238,Celisse,Female
239,Mac,Male
240,Hunt,Male
241,Ryun,Male
242,Hayward,Agender
243,Jamill,Male
244,Lawrence,Male
245,Bowie,Male
246,Alonso,Male
247,Babara,Genderfluid
248,Arthur,Male
249,Bobinette,Female
250,Pansy,Non-binary
251,Sammy,Genderfluid
252,Kenyon,Male
253,Juliane,Female
254,Jasmin,Female
255,Abbey,Male
256,Vivianna,Female
257,Kyrstin,Agender
258,Ezmeralda,Female
259,Micky,Male
260,Aurora,Female
261,Tudor,Male
262,Goober,Male
263,Melba,Female
264,Hobie,Male
265,Dita,Non-binary
266,Modesty,Non-binary
267,Onofredo,Male
268,Leslie,Female
269,Ewart,Genderfluid
270,Filberte,Male
271,Bernita,Female
272,Valdemar,Male
273,Noam,Genderqueer
274,Tony,Male
275,Upton,Agender
276,Conrade,Male
277,Sanson,Male
278,Renate,Female
279,Felic,Male
280,Joachim,Male
281,Sayers,Male
282,Randolph,Male
283,Eleanor,Bigender
284,Lorry,Male
285,Tremain,Male
286,Gamaliel,Male
287,Mattie,Male
288,Elianore,Female
289,Herve,Male
290,Myles,Male
291,Yulma,Male
292,Myrtie,Female
293,Teirtza,Female
294,Wilma,Female
295,Gillie,Female
296,Amanda,Female
297,Jeanette,Female
298,Spence,Male
299,Josselyn,Female
300,Lesley,Male
301,Cassius,Male
302,Diego,Genderfluid
303,Sutton,Male
304,Jacquette,Female
305,Erny,Male
306,Roderich,Male
307,Kynthia,Genderfluid
308,Aksel,Male
309,Olympia,Female
310,Ken,Male
311,Silvanus,Male
312,Galina,Female
313,Elbertine,Female
314,Colene,Female
315,Irwinn,Male
316,Ana,Female
317,Dedie,Female
318,Agnella,Female
319,Charissa,Female
320,Frannie,Male
321,Carly,Female
322,Jarib,Male
323,Jacinthe,Female
324,Pierce,Male
325,Analiese,Female
326,Corrina,Genderqueer
327,Marcos,Genderqueer
328,Lola,Female
329,Karilynn,Female
330,Alwin,Male
331,Connie,Female
332,Carver,Male
333,Griz,Male
334,Axe,Male
335,Arlene,Female
336,Shaylah,Female
337,Owen,Male
338,Jasmine,Female
339,Madelon,Female
340,Winston,Male
341,Caspar,Male
342,Margaretta,Female
343,Joli,Polygender
344,Clarey,Agender
345,Katuscha,Female
346,Bernadette,Female
347,Christoph,Male
348,Ray,Female
349,Orland,Male
350,Loretta,Female
351,Eldredge,Male
352,Faunie,Female
353,Ogdan,Male
354,Corri,Genderqueer
355,Raynard,Male
356,Jodie,Female
357,Andriette,Agender
358,Jereme,Male
359,Martica,Female
360,Alene,Female
361,Paton,Male
362,Gordon,Male
363,Veronike,Female
364,Locke,Male
365,Clemence,Female
366,Doug,Male
367,Adolphe,Male
368,Rycca,Female
369,Jaymee,Female
370,Augustina,Female
371,Mickie,Male
372,Lucho,Agender
373,Doris,Female
374,Tobin,Bigender
375,Kit,Male
376,Brockie,Male
377,Caroljean,Female
378,Leoline,Non-binary
379,Weylin,Male
380,Chrissie,Male
381,Ara,Female
382,Farrel,Male
383,Rudyard,Male
384,Gayler,Male
385,Ganny,Male
386,Celestyna,Female
387,Ofelia,Female
388,Gerrie,Female
389,Barby,Female
390,Maurits,Male
391,Frederich,Male
392,Raimundo,Male
393,Leisha,Female
394,Tommi,Female
395,Haily,Male
396,Janella,Female
397,Rodd,Male
398,Tallia,Female
399,Minnnie,Female
400,Kerstin,Female
401,Ignace,Male
402,Ignacius,Male
403,Lotta,Female
404,Ferne,Female
405,Annnora,Female
406,Bruno,Male
407,Minette,Polygender
408,Hobard,Male
409,Gerhardt,Male
410,Vincenty,Male
411,Linzy,Female
412,Georgeanna,Genderqueer
413,Nissie,Female
414,Obed,Male
415,Flossi,Female
416,Roxi,Female
417,Wilton,Male
418,Sandra,Female
419,Cymbre,Female
420,Brewer,Male
421,Cathyleen,Female
422,Alex,Male
423,Fae,Female
424,Cele,Female
425,Carin,Female
426,Dominica,Female
427,Dru,Male
428,Chas,Male
429,Olenka,Female
430,Spenser,Male
431,Allard,Male
432,Perrine,Female
433,Ignaz,Male
434,Jedediah,Male
435,Bernardo,Male
436,Lynn,Female
437,Winfield,Bigender
438,Mureil,Female
439,Asa,Male
440,Katinka,Female
441,Elke,Female
442,Inness,Genderfluid
443,Addi,Female
444,Rakel,Genderqueer
445,Lyon,Male
446,Dita,Female
447,Timmi,Female
448,Marchelle,Female
449,Janet,Genderqueer
450,Renell,Female
451,Zorana,Female
452,Zebedee,Male
453,Lura,Female
454,Elvis,Male
455,Franz,Male
456,Cyril,Male
457,Wait,Bigender
458,Emmott,Genderqueer
459,Ida,Female
460,Burty,Male
461,Lazare,Male
462,Gabriella,Female
463,Dorian,Female
464,Dougy,Male
465,Michel,Female
466,Haleigh,Female
467,Ara,Male
468,Jessi,Female
469,Tally,Female
470,Garrick,Male
471,Howey,Male
472,Fitzgerald,Male
473,Kimberlee,Female
474,Elyn,Female
475,Leticia,Female
476,Corella,Female
477,Brodie,Genderfluid
478,Guillema,Female
479,Elfreda,Female
480,Normie,Genderqueer
481,Meggi,Genderfluid
482,Ewen,Male
483,Curcio,Polygender
484,Costanza,Female
485,Magnum,Male
486,Bryan,Male
487,Tierney,Female
488,Hilda,Female
489,Chadd,Male
490,Mariellen,Genderqueer
491,Burton,Male
492,Vanya,Male
493,Shane,Female
494,Shelia,Female
495,Sheena,Female
496,Carlin,Genderfluid
497,Eadmund,Male
498,Bethanne,Female
499,Traci,Female
500,Ardene,Bigender
